<?xml version="1.0" encoding="UTF-8"?>
<project-private xmlns="http://www.netbeans.org/ns/project-private/1">
    <editor-bookmarks xmlns="http://www.netbeans.org/ns/editor-bookmarks/2" lastBookmarkId="0"/>
    <open-files xmlns="http://www.netbeans.org/ns/projectui-open-files/2">
        <group>
            <file>file:/C:/Users/marcu/OneDrive/Desktop/PCBROS/Documents/Assignment2/web/images/cover.jpg</file>
            <file>file:/C:/Users/marcu/OneDrive/Desktop/PCBROS/Documents/Assignment2/web/images/keyboard.jpg</file>
            <file>file:/C:/Users/marcu/OneDrive/Desktop/PCBROS/Documents/Assignment2/web/images/headphones.jpg</file>
            <file>file:/C:/Users/marcu/OneDrive/Desktop/PCBROS/Documents/Assignment2/web/viewProducts.jsp</file>
            <file>file:/C:/Users/marcu/OneDrive/Desktop/PCBROS/Documents/Assignment2/web/images/ssd.jpg</file>
            <file>file:/C:/Users/marcu/OneDrive/Desktop/PCBROS/Documents/Assignment2/web/Cart.jsp</file>
            <file>file:/C:/Users/marcu/OneDrive/Desktop/PCBROS/Documents/Assignment2/web/images/gamingchair.jpg</file>
            <file>file:/C:/Users/marcu/OneDrive/Desktop/PCBROS/Documents/Assignment2/web/css/styles.css</file>
            <file>file:/C:/Users/marcu/OneDrive/Desktop/PCBROS/Documents/Assignment2/web/images/laptop.jpg</file>
        </group>
    </open-files>
</project-private>
